{
  "model": "mtl_efficientnetb0_direct84_letter_vowel_makhraj",
  "seed": 42,
  "batch_size": 64,
  "num_epochs": 40,
  "learning_rate": 0.0001,
  "weight_decay": 0.0001,
  "direct84_loss_weight": 1.0,
  "letter_loss_weight": 0.5,
  "vowel_loss_weight": 0.25,
  "makhraj_loss_weight": 0.25,
  "use_specaugment": true,
  "time_mask": 20,
  "freq_mask": 16,
  "num_masks": 2,
  "train_samples": 21800,
  "val_samples": 934,
  "test_samples": 935,
  "best_val_direct84_acc": 0.6349036402569593,
  "final_val_direct84_acc": 0.6349036402569593,
  "final_val_derived84_acc": 0.6188436830835118,
  "final_val_letter_acc": 0.6241970021413277,
  "final_val_vowel_acc": 0.9892933618843683,
  "final_val_makhraj_acc": 0.8137044967880086,
  "final_test_direct84_acc": 0.5957219251336898,
  "final_test_derived84_acc": 0.5871657754010695,
  "final_test_letter_acc": 0.5946524064171123,
  "final_test_vowel_acc": 0.9882352941176471,
  "final_test_makhraj_acc": 0.8235294117647058,
  "final_val_direct84_macro_f1": 0.6302843712666008,
  "final_val_derived84_macro_f1": 0.61467313211388,
  "final_val_letter_macro_f1": 0.6236852644104943,
  "final_val_vowel_macro_f1": 0.9892689836772565,
  "final_val_makhraj_macro_f1": 0.7194182445336578,
  "final_test_direct84_macro_f1": 0.590063605982899,
  "final_test_derived84_macro_f1": 0.5797524591617998,
  "final_test_letter_macro_f1": 0.5933223511632585,
  "final_test_vowel_macro_f1": 0.9883631462899104,
  "final_test_makhraj_macro_f1": 0.7216620197776406
}